"Ranking","Country","iso3","Climate.hazard.indicator","Climate.hazard.indicator..standardized.","Exposure.indicator","Exposure.indicator..standardized.","Social.Institutions.and.Gender","Social.Institutions.and.Gender..standardized.","Risk.index..avg.standardized.vars.","PCA.based.risk.index","Anderson.method.risk.index"
1,"Yemen","YEM",0.707,0.93,0.615,1.17,0.563,2.453,1.518,1.939,1.398
2,"Bangladesh","BGD",0.909,1.734,0.656,1.469,0.39,1.21,1.471,1.026,1.516
3,"Somalia","SOM",0.781,1.224,0.514,0.451,0.459,1.708,1.127,0.875,1.108
4,"Pakistan","PAK",0.749,1.097,0.687,1.687,0.301,0.575,1.12,1.029,1.146
5,"Sudan","SDN",0.422,-0.208,0.607,1.112,0.555,2.393,1.099,2.328,0.875
6,"Gambia","GMB",0.441,-0.134,0.594,1.025,0.524,2.171,1.021,2.1,0.822
7,"Afghanistan","AFG",0.676,0.806,0.64,1.349,0.322,0.726,0.96,1.02,0.954
8,"Nepal","NPL",0.744,1.075,0.587,0.972,0.323,0.73,0.926,0.663,0.954
9,"Syrian Arab Republic","SYR",0.805,1.321,0.391,-0.436,0.416,1.398,0.761,0.054,0.794
10,"Lebanon","LBN",0.924,1.794,0.444,-0.053,0.29,0.492,0.744,-0.458,0.883
11,"Chad","TCD",0.482,0.032,0.49,0.274,0.467,1.759,0.688,1.277,0.553
12,"India","IND",0.679,0.819,0.58,0.924,0.265,0.315,0.686,0.474,0.721
13,"Zambia","ZMB",0.381,-0.373,0.548,0.693,0.449,1.633,0.651,1.639,0.477
14,"Sri Lanka","LKA",0.845,1.482,0.539,0.628,0.189,-0.227,0.627,-0.333,0.775
15,"Egypt","EGY",0.462,-0.047,0.509,0.412,0.428,1.483,0.616,1.226,0.491
16,"Morocco","MAR",0.769,1.178,0.656,1.465,0.105,-0.831,0.604,-0.037,0.749
17,"Gabon","GAB",0.084,-1.558,0.686,1.679,0.402,1.298,0.473,2.563,0.187
18,"Mali","MLI",0.192,-1.127,0.501,0.355,0.516,2.116,0.448,2.028,0.172
19,"Uzbekistan","UZB",0.911,1.744,0.468,0.118,0.148,-0.527,0.445,-0.966,0.651
20,"Swaziland","SWZ",0.855,1.521,0.42,-0.228,0.212,-0.066,0.409,-0.812,0.567
21,"Iraq","IRQ",0.71,0.942,0.446,-0.036,0.263,0.301,0.402,-0.219,0.472
22,"Niger","NER",0.32,-0.615,0.482,0.215,0.442,1.58,0.393,1.389,0.21
23,"Tajikistan","TJK",0.562,0.35,0.629,1.276,0.139,-0.586,0.347,0.331,0.396
24,"Uganda","UGA",0.573,0.396,0.532,0.574,0.216,-0.034,0.312,0.196,0.34
25,"DR Congo","COD",0.151,-1.292,0.555,0.739,0.428,1.48,0.309,1.948,0.056
26,"Mongolia","MNG",1,2.099,0.464,0.088,0.035,-1.337,0.283,-1.641,0.586
27,"Myanmar","MMR",0.531,0.227,0.444,-0.056,0.294,0.519,0.23,0.197,0.214
28,"Mozambique","MOZ",0.527,0.21,0.571,0.861,0.138,-0.599,0.157,0.105,0.204
29,"Nigeria","NGA",0.472,-0.008,0.346,-0.755,0.391,1.218,0.152,0.273,0.076
30,"Kenya","KEN",0.41,-0.256,0.545,0.67,0.216,-0.039,0.125,0.523,0.088
31,"Cameroon","CMR",0.265,-0.836,0.545,0.672,0.28,0.424,0.087,1.052,-0.041
32,"Azerbaijan","AZE",0.276,-0.793,0.578,0.904,0.24,0.138,0.083,1.007,-0.024
33,"Thailand","THA",0.736,1.044,0.453,0.014,0.106,-0.828,0.077,-0.938,0.24
34,"Lesotho","LSO",0.754,1.115,0.455,0.027,0.088,-0.957,0.062,-1.04,0.242
35,"Togo","TGO",0.626,0.605,0.415,-0.264,0.186,-0.252,0.03,-0.58,0.113
36,"United Republic Of Tanzania","TZA",0.334,-0.558,0.512,0.433,0.25,0.21,0.028,0.646,-0.051
37,"Armenia","ARM",0.282,-0.767,0.554,0.732,0.236,0.107,0.024,0.864,-0.075
38,"Ghana","GHA",0.483,0.035,0.378,-0.528,0.299,0.557,0.021,-0.012,-0.006
39,"Mauritania","MRT",0.284,-0.76,0.386,-0.468,0.395,1.249,0.007,0.788,-0.15
40,"Turkey","TUR",0.374,-0.401,0.628,1.265,0.103,-0.845,0.006,0.466,0.003
41,"Zimbabwe","ZWE",0.491,0.065,0.525,0.529,0.139,-0.587,0.002,-0.047,0.041
42,"Ivory Coast","CIV",0.508,0.134,0.4,-0.372,0.254,0.234,-0.001,-0.153,0.002
43,"Benin","BEN",0.469,-0.022,0.39,-0.439,0.278,0.408,-0.018,-0.024,-0.041
44,"Malawi","MWI",0.323,-0.604,0.536,0.604,0.207,-0.099,-0.033,0.583,-0.098
45,"Angola","AGO",0.341,-0.533,0.56,0.777,0.172,-0.353,-0.036,0.508,-0.079
46,"China","CHN",0.627,0.609,0.441,-0.078,0.131,-0.646,-0.038,-0.707,0.071
47,"Viet Nam","VNM",0.388,-0.343,0.514,0.447,0.187,-0.248,-0.048,0.279,-0.073
48,"Kazakhstan","KAZ",0.61,0.54,0.448,-0.026,0.12,-0.727,-0.071,-0.696,0.037
49,"Jordan","JOR",0.682,0.83,0.211,-1.728,0.312,0.651,-0.082,-1.07,-0.012
50,"Central African Republic","CAF",0.082,-1.565,0.518,0.477,0.329,0.77,-0.106,1.439,-0.327
51,"Cambodia","KHM",0.549,0.299,0.529,0.552,0.048,-1.243,-0.13,-0.54,-0.02
52,"Guinea","GIN",0.089,-1.537,0.511,0.424,0.321,0.713,-0.134,1.356,-0.346
53,"Senegal","SEN",0.458,-0.066,0.423,-0.202,0.199,-0.162,-0.143,-0.208,-0.133
54,"Liberia","LBR",0.027,-1.783,0.474,0.163,0.383,1.159,-0.154,1.565,-0.418
55,"Jamaica","JAM",0.794,1.278,0.282,-1.215,0.135,-0.617,-0.185,-1.713,0.013
56,"Philippines","PHL",0.642,0.668,0.322,-0.932,0.177,-0.32,-0.194,-1.09,-0.085
57,"Namibia","NAM",0.496,0.088,0.46,0.059,0.117,-0.744,-0.199,-0.466,-0.136
58,"Sierra Leone","SLE",0.002,-1.885,0.472,0.149,0.372,1.081,-0.218,1.549,-0.486
59,"Indonesia","IDN",0.393,-0.324,0.469,0.123,0.153,-0.487,-0.229,-0.093,-0.227
60,"Rwanda","RWA",0.201,-1.091,0.572,0.868,0.134,-0.625,-0.283,0.624,-0.361
61,"Haiti","HTI",0.78,1.221,0.236,-1.549,0.147,-0.534,-0.287,-1.858,-0.094
62,"Kyrgyzstan","KGZ",0.289,-0.738,0.489,0.272,0.16,-0.439,-0.302,0.204,-0.347
63,"Tunisia","TUN",0.436,-0.153,0.369,-0.592,0.199,-0.161,-0.302,-0.43,-0.292
64,"Georgia","GEO",0.142,-1.328,0.523,0.515,0.204,-0.126,-0.313,0.803,-0.444
65,"Ecuador","ECU",0.523,0.194,0.463,0.08,0.042,-1.282,-0.336,-0.834,-0.223
66,"Ethiopia","ETH",0.19,-1.133,0.444,-0.052,0.245,0.171,-0.338,0.536,-0.46
67,"South Africa","ZAF",0.621,0.587,0.37,-0.587,0.06,-1.155,-0.385,-1.355,-0.228
68,"Burkina Faso","BFA",0.096,-1.508,0.416,-0.256,0.282,0.436,-0.443,0.721,-0.616
69,"Bhutan","BTN",0.119,-1.416,0.56,0.781,0.114,-0.766,-0.467,0.611,-0.565
70,"Lao People's Democratic Republic","LAO",0.136,-1.351,0.517,0.468,0.145,-0.549,-0.477,0.514,-0.578
71,"Burundi","BDI",0.041,-1.729,0.545,0.673,0.166,-0.393,-0.483,0.902,-0.637
72,"Congo","COG",0.082,-1.567,0.478,0.192,0.203,-0.128,-0.501,0.686,-0.648
73,"Guatemala","GTM",0.722,0.991,0.19,-1.878,0.132,-0.64,-0.509,-2.048,-0.323
74,"Bolivia","BOL",0.242,-0.925,0.497,0.323,0.058,-1.17,-0.591,-0.146,-0.6
75,"El Salvador","SLV",0.934,1.836,0.118,-2.39,0.049,-1.233,-0.596,-3.105,-0.272
76,"Colombia","COL",0.653,0.714,0.228,-1.602,0.086,-0.967,-0.618,-1.958,-0.441
77,"Peru","PER",0.191,-1.132,0.483,0.222,0.083,-0.993,-0.634,-0.017,-0.675
78,"Nicaragua","NIC",0.631,0.624,0.156,-2.123,0.16,-0.441,-0.647,-1.935,-0.506
79,"Madagascar","MDG",0.158,-1.263,0.468,0.119,0.1,-0.866,-0.67,0.048,-0.731
80,"Paraguay","PRY",0.32,-0.616,0.362,-0.645,0.058,-1.169,-0.81,-0.912,-0.768
81,"Cuba","CUB",0.601,0.506,0.235,-1.557,0.021,-1.435,-0.829,-2.14,-0.637
82,"Costa Rica","CRI",0.595,0.481,0.195,-1.84,0.051,-1.222,-0.861,-2.182,-0.681
83,"Honduras","HND",0.534,0.238,0.164,-2.065,0.107,-0.815,-0.881,-1.975,-0.751
84,"Brazil","BRA",0.422,-0.207,0.239,-1.526,0.046,-1.256,-0.997,-1.715,-0.889
85,"Dominican Republic","DOM",0.594,0.479,0.093,-2.569,0.037,-1.322,-1.137,-2.725,-0.935
86,"Argentina","ARG",0.302,-0.688,0.273,-1.283,0.011,-1.508,-1.16,-1.517,-1.085
87,"Venezuela","VEN",0.245,-0.917,0.07,-2.739,0.039,-1.306,-1.654,-2.258,-1.584
